{"cameraMode":{"drawMode":0,"name":"Shaded","section":"Shading Mode"},"sceneLighting":true,"audioPlay":false,"sceneViewState":{"showFog":true,"showMaterialUpdate":false,"showSkybox":true,"showFlares":true,"showImageEffects":true,"showParticleSystems":true},"in2DMode":false,"pivot":{"x":9518.5341796875,"y":3431.194091796875,"z":4046.993408203125},"rotation":{"x":-0.08122929185628891,"y":0.8600546717643738,"z":-0.14481130242347718,"w":-0.4824341833591461},"size":26.09323501586914,"orthographic":false}